{"stats":{"minecraft:used":{"immersive_weathering:rooted_grass_block":17},"minecraft:custom":{"minecraft:jump":167,"minecraft:time_since_rest":17264,"minecraft:damage_dealt":4,"minecraft:sprint_one_cm":13440,"minecraft:leave_game":3,"minecraft:play_time":17264,"minecraft:walk_on_water_one_cm":135,"minecraft:time_since_death":17264,"minecraft:walk_one_cm":11007,"minecraft:total_world_time":17264,"minecraft:walk_under_water_one_cm":1282,"minecraft:fall_one_cm":4194,"minecraft:fly_one_cm":22887,"minecraft:damage_dealt_resisted":18}},"DataVersion":3465}