{"stats":{"minecraft:custom":{"minecraft:jump":173,"minecraft:time_since_rest":144543,"minecraft:crouch_one_cm":547,"minecraft:play_time":144543,"minecraft:leave_game":5,"minecraft:sprint_one_cm":8472,"minecraft:time_since_death":144543,"minecraft:walk_one_cm":11933,"minecraft:sneak_time":113,"minecraft:total_world_time":144543,"minecraft:interact_with_crafting_table":2,"minecraft:fall_one_cm":7303,"minecraft:fly_one_cm":10351},"minecraft:used":{"simplemissiles:trapdoorclosed":1,"minecraft:oak_log":56,"weather2:weather_deflector":1,"simplemissiles:playerlocator":1,"minecraft:oak_wood":77,"scguns:prush_gun":3,"minecraft:crafting_table":1,"scguns:cyclone":20,"simplemissiles:test_pvo":1}},"DataVersion":3465}