{"stats":{"minecraft:picked_up":{"iceandfire:dragon_skull_lightning":1,"iceandfire:dragonbone":12,"minecraft:wheat_seeds":1},"minecraft:dropped":{"minecraft:wheat_seeds":1,"iceandfire:dragon_skull_lightning":1,"iceandfire:dragonbone":12},"minecraft:used":{"immersive_weathering:rooted_grass_block":17,"minecraft:oak_wood":3,"minecraft:gravel":71},"minecraft:custom":{"minecraft:time_since_rest":40105,"minecraft:crouch_one_cm":1044,"minecraft:sprint_one_cm":54946,"minecraft:play_time":40105,"minecraft:walk_one_cm":32825,"minecraft:sneak_time":361,"minecraft:walk_under_water_one_cm":1282,"minecraft:drop":3,"minecraft:damage_dealt_resisted":18,"minecraft:jump":677,"minecraft:damage_dealt":4,"minecraft:leave_game":3,"minecraft:walk_on_water_one_cm":135,"minecraft:time_since_death":40105,"minecraft:total_world_time":40105,"minecraft:fly_one_cm":154976,"minecraft:fall_one_cm":27040}},"DataVersion":3465}