{"stats":{"minecraft:used":{"minecraft:oak_wood":3,"immersive_weathering:rooted_grass_block":17,"minecraft:gravel":71},"minecraft:custom":{"minecraft:jump":316,"minecraft:time_since_rest":28105,"minecraft:crouch_one_cm":1044,"minecraft:damage_dealt":4,"minecraft:leave_game":3,"minecraft:play_time":28105,"minecraft:sprint_one_cm":25061,"minecraft:time_since_death":28105,"minecraft:walk_on_water_one_cm":135,"minecraft:walk_one_cm":14862,"minecraft:sneak_time":361,"minecraft:total_world_time":28105,"minecraft:walk_under_water_one_cm":1282,"minecraft:fall_one_cm":8029,"minecraft:fly_one_cm":68271,"minecraft:damage_dealt_resisted":18}},"DataVersion":3465}